Serial No.,Roll No.,Name,CPI,Reg. Type(C/A),Registration Status,Student Status,Hostel
1,210050102,Murala Vamshi,0,Credit,Approved,Active,H2
2,23B0901,Kaushal Vijayvergiya,0,Credit,Approved,Active,H1
3,23B0902,Arya Suwalka,0,Credit,Approved,Active,H16
4,23B0903,Abhi Jain,0,Credit,Approved,Active,H16
5,23B0904,Prakhar Jain,0,Credit,Approved,Active,H16
6,23B0905,Sagnik Nandi,0,Credit,Approved,Active,H16
7,23B0906,Velagala Deeraj Sathvik Reddy,0,Credit,Approved,Active,H1
8,23B0907,Hari Shankar Karthik,0,Credit,Approved,Active,H16
9,23B0908,Raghav Goyal,0,Credit,Approved,Active,H16
10,23B0909,Varri Shyam Sri Vardhan,0,Credit,Approved,Active,H1
11,23B0910,Sonal Kumari,0,Credit,Approved,Active,H16
12,23B0911,Kalla Lakshmi Surya,0,Credit,Approved,Active,H16
13,23B0912,Sanapala Venkata Aditya,0,Credit,Approved,Active,H1
14,23B0913,Dipen Sojitra,0,Credit,Approved,Active,H16
15,23B0914,Suvvada Mounisha Naidu,0,Credit,Approved,Active,H16
16,23B0915,Nandipati Sai Durga Reddy,0,Credit,Approved,Active,H1
17,23B0916,Vanguri Eshwar,0,Credit,Approved,Active,H1
18,23B0917,Rajat Das,0,Credit,Approved,Active,H16
19,23B0918,Banoth Tharun Tej,0,Credit,Approved,Active,H1
20,23B0919,Yougank Kumar,0,Credit,Approved,Active,H1
21,23B0920,Maradana Dheeraj Kumar,0,Credit,Approved,Active,H16
22,23B0921,Ishita,0,Credit,Approved,Active,H16
23,23B0922,Akshara,0,Credit,Approved,Active,H16
24,23B0923,Abhineet Majety,0,Credit,Approved,Active,H16
25,23B0924,Bondala Somanath Vasanth Yadav,0,Credit,Approved,Active,H16
26,23B0925,Vangapandu Venkata Sai Surya Prakash,0,Credit,Approved,Active,H1
27,23B0926,Chaitanyaa Mahesh Maheshwari,0,Credit,Approved,Active,H16
28,23B0927,Gowri K Balakrishnan,0,Credit,Approved,Active,H16
29,23B0928,Anushka Singhal,0,Credit,Approved,Active,H16
30,23B0929,Nayakanti Naga Bhavya Sree,0,Credit,Approved,Active,H16
31,23B0930,Mehul Borad,0,Credit,Approved,Active,H16
32,23B0931,Haresh Gupta,0,Credit,Approved,Active,H16
33,23B0932,Tejas Narendra Chaudhari,0,Credit,Approved,Active,H16
34,23B0933,Sarthak Dhananjay Thakare,0,Credit,Approved,Active,H1
35,23B0934,Yash Singh,0,Credit,Approved,Active,H16
36,23B0935,Potnuru Saatvika,0,Credit,Approved,Active,H16
37,23B0936,Meesala Pranathi Sreeja,0,Credit,Approved,Active,H16
38,23B0937,Nikhil Narera,0,Credit,Approved,Active,H16
39,23B0938,Deshank Pratap Singh,0,Credit,Approved,Active,H16
40,23B0939,Bathula Rithvik,0,Credit,Approved,Active,H16
41,23B0940,Aditya Neeraje,0,Credit,Approved,Active,H1
42,23B0941,Maradana Anusri,0,Credit,Approved,Active,H16
43,23B0942,Dhruv Sanjay Jain,0,Credit,Approved,Active,H16
44,23B0943,Shaik Sahil Chanda,0,Credit,Approved,Active,H1
45,23B0944,Aayush Martand Borkar,0,Credit,Approved,Active,H1
46,23B0945,Akshit Kumar,0,Credit,Approved,Active,H16
47,23B0946,Itthagoni Sathwik Goud,0,Credit,Approved,Active,H1
48,23B0947,Akepati Sriya,0,Credit,Approved,Active,H16
49,23B0948,Kritin Gupta,0,Credit,Approved,Active,H16
50,23B0949,Kamyak Channa,0,Credit,Approved,Active,H1
51,23B0950,Harshit Raj,0,Credit,Approved,Active,H16
52,23B0951,Jatsya Jariwala,0,Credit,Approved,Active,H16
53,23B0952,Punumalli Lohit Adhitya Sai,0,Credit,Approved,Active,H1
54,23B0953,Aakash Gupta,0,Credit,Approved,Active,H16
55,23B0954,Bavurupudi Ritwik,0,Credit,Approved,Active,H1
56,23B0955,Gulshan Kumar,0,Credit,Approved,Active,H1
57,23B0956,Siddhant Mulkikar,0,Credit,Approved,Active,H1
58,23B0957,Kunumalla Gautam Siddharth,0,Credit,Approved,Active,H16
59,23B0958,Satyam Sinoliya,0,Credit,Approved,Active,H16
60,23B0960,J Adarsh,0,Credit,Approved,Active,H16
61,23B0961,Arijit Mandal,0,Credit,Approved,Active,H16
62,23B0962,Banothu Sonusree,0,Credit,Approved,Active,H16
63,23B0963,Komrelly Snigdha Reddy,0,Credit,Approved,Active,H16
64,23B0964,Seemala Varsha,0,Credit,Approved,Active,H16
65,23B0965,Nakka Mahathi,0,Credit,Approved,Active,H16
66,23B0966,Ananya Latchupatula,0,Credit,Approved,Active,H16
67,23B0967,Guduru Adarsh,0,Credit,Approved,Active,H16
68,23B0968,Suthar Harshul Sanjaybhai,0,Credit,Approved,Active,H16
69,23B0969,Yakkanti Pani Venkata Maneendhar Reddy,0,Credit,Approved,Active,H1
70,23B0970,Priyanshu Kumar,0,Credit,Approved,Active,H16
71,23B0971,Mayank Soni,0,Credit,Approved,Active,H16
72,23B0972,Komarapu Vivek Vardhan,0,Credit,Approved,Active,H16
73,23B0973,Sammeta Avaneesh Sai,0,Credit,Approved,Active,H1
74,23B0974,Krish Gupta,0,Credit,Approved,Active,H16
75,23B0975,Menda V Venkata Harsha Vardhan,0,Credit,Approved,Active,H1
76,23B0976,Boyina Sanjana,0,Credit,Approved,Active,H16
77,23B0977,Keyaan Kartikeya Rajesh,0,Credit,Approved,Active,H16
78,23B0978,Gowdu Charishma,0,Credit,Approved,Active,H16
79,23B0979,Satyala Madhu Kiran,0,Credit,Approved,Active,H16
80,23B0980,Mradul Sonkar,0,Credit,Approved,Active,H1
81,23B0981,Repudi Akshay Karthik,0,Credit,Approved,Active,H16
82,23B0982,Navya Garg,0,Credit,Approved,Active,H16
83,23B0983,Konda Puspa Kumar Reddy,0,Credit,Approved,Active,H16
84,23B0984,Varala Charishma,0,Credit,Approved,Active,H16
85,23B0985,Jashanpreet Singh,0,Credit,Approved,Active,H16
86,23B0986,Tanishq Mahesh Mandhane,0,Credit,Approved,Active,H1
87,23B0987,Dasari Saketh Naidu,0,Credit,Approved,Active,H16
88,23B0988,Prabhav Khandelwal,0,Credit,Approved,Active,H16
89,23B0989,Gaurav Kumar,0,Credit,Approved,Active,H1
90,23B0990,Pothina Madhav,0,Credit,Approved,Active,H16
91,23B0991,Shravya Karna,0,Credit,Approved,Active,H16
92,23B0992,Dumpala Paneendra Nadha Reddy,0,Credit,Approved,Active,H16
93,23B0993,Kethavath Nithin Naik,0,Credit,Approved,Active,H1
94,23B0994,Vavilala Chidvilas Reddy,0,Credit,Approved,Active,H16
95,23B0995,Kunj Bhesaniya,0,Credit,Approved,Active,H16
96,23B0996,Punit Kumar,0,Credit,Approved,Active,H16
97,23B0997,Thammaneni Dheeraj,0,Credit,Approved,Active,H16
98,23B0998,Velamakanni Satwik,0,Credit,Approved,Active,H16
99,23B0999,Yuvraj Gupta,0,Credit,Approved,Active,H16
100,23B1000,Paluri Gnana Kousik Reddy,0,Credit,Approved,Active,H1
101,23B1001,Vadde Shanvitha Reddy,0,Credit,Approved,Active,H16
102,23B1002,Sasthrula Joel Tenny,0,Credit,Approved,Active,H16
103,23B1003,Abhinav Singh,0,Credit,Approved,Active,H16
104,23B1004,Karri Ganga Dhana Sri,0,Credit,Approved,Active,H16
105,23B1005,Sara Mukherjee,0,Credit,Approved,Active,H16
106,23B1006,Sandeep Reddy Nallamilli,0,Credit,Approved,Active,H1
107,23B1007,Shivam Singh Yadav,0,Credit,Approved,Active,H16
108,23B1008,Jainendrajeet,0,Credit,Approved,Active,H16
109,23B1009,Udit Sarkar,0,Credit,Approved,Active,H16
110,23B1010,Pudi Ajay Kumar,0,Credit,Approved,Active,H1
111,23B1011,Abhilasha Sharma Suman,0,Credit,Approved,Active,H16
112,23B1012,Burri Gehna Chelvi,0,Credit,Approved,Active,H16
113,23B1014,Peela Teja Sri,0,Credit,Approved,Active,H16
114,23B1015,Pinnu Shasank Reddy,0,Credit,Approved,Active,H1
115,23B1016,Harshil Amitkumar Solanki,0,Credit,Approved,Active,H16
116,23B1017,Evuri Mohana Sreedhara Reddy,0,Credit,Approved,Active,H16
117,23B1018,Bikkina Abhinav Chowdary,0,Credit,Approved,Active,H1
118,23B1019,Chirag Gautam,0,Credit,Approved,Active,H1
119,23B1020,Chennu Rakesh Kumar Reddy,0,Credit,Approved,Active,H1
120,23B1021,Sambangi Varshini,0,Credit,Approved,Active,H16
121,23B1022,Rayapati Dinesh Sai,0,Credit,Approved,Active,H16
122,23B1023,Pushpendra Uikey,0,Credit,Approved,Active,H16
123,23B1024,Pendurthi Nischal Subhash,0,Credit,Approved,Active,H16
124,23B1025,Somya Dahiaya,0,Credit,Approved,Active,H16
125,23B1026,Duggineni Venkata Yugesh,0,Credit,Approved,Active,H16
126,23B1027,Dola Surya Sai,0,Credit,Approved,Active,H1
127,23B1028,Ashish Kumar,0,Credit,Approved,Active,H16
128,23B1029,Karedla Balaji,0,Credit,Approved,Active,H1
129,23B1030,Vaka Sri Varshitha,0,Credit,Approved,Active,H16
130,23B1031,Mrunal Shrikant Vairagade,0,Credit,Approved,Active,H1
131,23B1032,Vysyaraju Srikar Nihal,0,Credit,Approved,Active,H16
132,23B1033,Chinthaparthi Babu Sujan Reddy,0,Credit,Approved,Active,H1
133,23B1034,Malay Kedia,0,Credit,Approved,Active,H16
134,23B1035,Sameer Arvind Patil,0,Credit,Approved,Active,H1
135,23B1036,Kabir S Prakash,0,Credit,Approved,Active,H16
136,23B1037,Vennela Yasasvi Naidu,0,Credit,Approved,Active,H1
137,23B1038,N.K.Vishwaajith,0,Credit,Approved,Active,H16
138,23B1039,Nenavath Sree Vamshi Madhav,0,Credit,Approved,Active,H1
139,23B1040,B Shashank,0,Credit,Approved,Active,H1
140,23B1041,Merchant Dhruvraj Vijaykumar,0,Credit,Approved,Active,H16
141,23B1042,Sangadi Vijaya Raghavendra,0,Credit,Approved,Active,H1
142,23B1043,Yash Vikas Sabale,0,Credit,Approved,Active,H1
143,23B1044,Moulik Jindal,0,Credit,Approved,Active,H1
144,23B1045,Niral Charan,0,Credit,Approved,Active,H16
145,23B1046,Kokkiligadda Manaswi,0,Credit,Approved,Active,H16
146,23B1047,Tapase Aditi Maniklal,0,Credit,Approved,Active,H16
147,23B1048,Sanchita Chaurasia,0,Credit,Approved,Active,H16
148,23B1049,Ridam Jain,0,Credit,Approved,Active,H16
149,23B1050,Ujwal L Shankar,0,Credit,Approved,Active,H16
150,23B1051,Aman Nehra,0,Credit,Approved,Active,H16
151,23B1052,Ramachandran S,0,Credit,Approved,Active,H16
152,23B1053,Aditi Singh,0,Credit,Approved,Active,H16
153,23B1054,Pathi Nikitha,0,Credit,Approved,Active,H16
154,23B1055,Sanapala Anirudh,0,Credit,Approved,Active,H16
155,23B1056,Addagada Venkata Sivaram,0,Credit,Approved,Active,H1
156,23B1057,Sabil Ahmad,0,Credit,Approved,Active,H16
157,23B1058,Udtyavath Sai Likhith,0,Credit,Approved,Active,H1
158,23B1059,Allam Sujay,0,Credit,Approved,Active,H16
159,23B1060,Madhav R Babu,0,Credit,Approved,Active,H1
160,23B1061,Devangam Kishan Teja,0,Credit,Approved,Active,H1
161,23B1062,Ramesh Surya Theja,0,Credit,Approved,Active,H1
162,23B1063,Gunda Sushanth,0,Credit,Approved,Active,H1
163,23B1064,Chaudhari Avinash Janardhan,0,Credit,Approved,Active,H1
164,23B1065,Devang Tibrewal,0,Credit,Approved,Active,H16
165,23B1066,Kunsoth Chandrashen Nayak,0,Credit,Approved,Active,H1
166,23B1067,Harsh Suthar,0,Credit,Approved,Active,H1
167,23B1068,Vaibhav Singh,0,Credit,Approved,Active,H16
168,23B1069,Uday Gajanan Darade,0,Credit,Approved,Active,H16
169,23B1070,Bhukya Akkshitha Rathod,0,Credit,Approved,Active,H16
170,23B1071,Inampudi Harshitha,0,Credit,Approved,Active,H16
171,23B1072,Ette Hasini,0,Credit,Approved,Active,H16
172,23B1073,Marumamula Venkata Pranay,0,Credit,Approved,Active,H1
173,23B1074,Saksham Jain,0,Credit,Approved,Active,H16
174,23B1075,Shiv Narang,0,Credit,Approved,Active,H1
175,23B1076,Aryan Mahajan,0,Credit,Approved,Active,H1
176,23B1077,Bhavya Bansal,0,Credit,Approved,Active,H16
177,23B1078,Saksham Saharia,0,Credit,Approved,Active,H16
178,23B1079,Sumedh S S,0,Credit,Approved,Active,H16
179,23B1080,Shaik Awez Mehtab,0,Credit,Approved,Active,H16
180,23B1081,Rishi Kalra,0,Credit,Approved,Active,H16
181,23B1082,Dheeravath Thanuj,0,Credit,Approved,Active,H1
182,23B1083,Jigyasa Chouhan,0,Credit,Approved,Active,H16
183,23B1084,Guthikonda Abhiram,0,Credit,Approved,Active,H16
184,23B1085,Harith S,0,Credit,Approved,Active,H16
185,23V0066,Hsi Yu Ho,0,Credit,Approved,Active,H18
